CompanySignedDate,11Raj000007wdkvEAA
CompanySignedDate,11Raj000007wi6HEAQ
CompanySignedDate,11Raj000007wiFxEAI
ContractNumber,11Raj000007wdmXEAQ
ContractNumber,11Raj000007whyDEAQ
ContractNumber,11Raj000007wi7tEAA
ContractTerm,11Raj000007wdg5EAA
ContractTerm,11Raj000007wfa8EAA
ContractTerm,11Raj000007wiB7EAI
CustomerSignedDate,11Raj000007wc13EAA
CustomerSignedDate,11Raj000007wi4fEAA
CustomerSignedDate,11Raj000007wiELEAY
CustomerSignedTitle,11Raj000007wdjJEAQ
CustomerSignedTitle,11Raj000007wi33EAA
CustomerSignedTitle,11Raj000007wiCjEAI
EndDate,11Raj000007wdeTEAQ
EndDate,11Raj000007wi1REAQ
EndDate,11Raj000007wi9VEAQ
StartDate,11Raj000007wdcrEAA
StartDate,11Raj000007wfyKEAQ
StartDate,11Raj000007whzpEAA
